,saleprice
saleprice,1.0
overall_qual,0.8002068702531393
exter_qual,0.7121457238137716
gr_liv_area,0.6970384443056613
kitchen_qual,0.6923363531071017
garage_area,0.6498968496618986
garage_cars,0.6477813459587393
basemt_total_sf,0.6293030962146706
floor_1_sf,0.6184861410533949
basemt_qual,0.6121879016004275
year_built,0.5718488959135766
year_remodel_add,0.550369648819556
fireplace_qu,0.5389250511538698
full_bath,0.5379691021121237
total_rms_abv_grd,0.5040143180735323
masonry_area,0.5035785851404638
fireplaces,0.47109289376298785
heating_qc,0.45835416219981717
basemt_fin_1_sf,0.42385591339467826
basemt_fin_1_qual,0.35036170811833334
lot_frontage,0.34184248372687115
open_porch_sf,0.3334760297920542
wood_deck_sf,0.3264897021896556
lot_area,0.2965658323667791
garage_qual,0.2852805638158865
basemt_full_bath,0.28333232871961794
half_bath,0.28300069798833244
garage_cond,0.26502087710342354
floor_2_sf,0.2484515301311421
basemt_cond,0.22507538211977873
basemt_unf_sf,0.19086124683862588
basemt_exposure,0.15738529058880452
bedroom_abvgr,0.1370669364676557
screen_porch_sf,0.1345813519622582
home_functionality,0.1256817698137746
three_season_porch_sf,0.048731853983496116
exter_cond,0.0364181634649093
month_sold,0.03273540854904892
pool_qc,0.02927545260594616
pool_area,0.023106317157886767
basemt_fin_2_sf,0.01643169316637902
basemt_fin_2_qual,0.014070293650941045
misc_val,-0.007374759586406702
yr_sold,-0.01520322443367128
low_qual_fin_sf,-0.041594303298648626
basemt_half_bath,-0.0452902657241892
building_type,-0.08733545057882361
overall_cond,-0.09701891273609133
kitchen_abvgr,-0.12544352246857687
encl_porch_sf,-0.13565649182472073
